UNITID,F1A13,F1A18,F1B25,I       
100654,113050823,79610700,140776490,
100663,1088903701,2236977186,2520549926,
100706,130385545,261995785,195017924,
100724,204446635,136138305,145335140,
100733,2203052,13098975,13361520,
100751,905840696,1534341490,927903526,
100760,10140149,22932492,27014622,
100812,20650652,27065625,33126611,
100830,39394693,51193331,81692022,
100858,812085277,1269294273,828419795,
101028,10445983,18033285,14823443,
101143,5963711,24062130,27986469,
101161,20850048,30817015,34192874,
101240,35757086,57786909,65382358,
101286,13217418,44136484,42055726,
101295,31366693,83222628,55925497,
101301,2036047,39336159,24316942,
101462,4402545,9892885,14986290,
101471,690434,7366702,12679958,
101480,114879272,79295032,118422431,
101499,2158441,12969872,14238991,
101505,69484963,37978183,56283150,
101514,42375437,62481347,65808118,
101569,18332283,26741275,45077119,
101587,16856130,28355064,57852106,
101602,7360352,18250392,19184150,
101648,3827791,20023363,11478558,
101709,36168552,54975399,52741882,
101736,7163607,30655282,44192943,
101879,38382782,91967262,89126842,
101897,8285014,21010496,27267318,
101949,5380751,16519553,23136924,
101994,3483538,4555859,10020551,
102030,13035605,31051613,46450014,
102067,18393969,67517711,47887408,
102076,8322184,22809163,19287496,
102094,497886000,419271000,592506000,
102313,10359907,18785290,24368947,
102368,158690164,236101970,285256504,
102429,22061418,54322641,50137140,
102553,64705697,315496448,282978202,
102614,84879142,397139554,408489790,
102632,15387037,58283167,52792545,
102711,,,11211386,
103361,640938,14465498,8282588,
103529,106188494,204477441,52204952,
104151,1270088000,1036795000,1607184000,
104160,88751785,55033945,68823279,
104179,1360046000,973603000,1558880000,
104346,67227936,80739938,72806097,
104425,30842174,48813724,48775226,
104577,2933652,74882695,43075142,
104708,,,109776592,
105136,776002667,660052656,101262065,
105145,,,52297205,
105154,,,147671502,
105206,12286533,17391342,40408753,
105297,3909846,52777716,31024145,
105330,547571782,368830300,426232676,
105349,1300414,58528019,33457702,
105428,,,69075408,
105525,38180606,199062637,207064145,
105668,,,125875977,
105747,,,60907583,
105792,,,33971951,
106148,62504995,65289513,66092593,
106245,119504456,185509739,202059772,
106263,453029000,671946000,1159028000,
106397,557873774,635232999,648370969,
106412,31127843,84367807,84423531,
106449,40584531,37169484,36330036,
106458,146814628,184969150,196741254,
106467,66384309,80642614,100846832,
106485,16220118,38363491,44474184,
106625,3715414,34514814,20530800,
106704,101879641,89225985,189375696,
106795,6752634,11771549,13672348,
106829,,,4978511,
106883,1841169,19659161,16328605,
106980,15243598,19567155,33038047,
106999,5351596,15695958,17466110,
107071,38746600,36023359,51178243,
107318,18890404,35869557,25230384,
107327,6121569,23099020,23191847,
107460,5788429,18621580,26270304,
107488,,,6660124,
107521,2133219,3836707,12823410,
107549,3897531,9606742,12416994,
107585,4306994,14154284,17664071,
107619,14697282,14537767,26275951,
107637,3033282,24409091,18231971,
107664,52118590,35329083,66654566,
107725,7747809,10029893,14536823,
107743,1843781,12762489,14023919,
107974,6042816,21745884,18354980,
107983,43250484,40406447,47134548,
107992,1777440,18507498,21150280,
108056,14783824,26652575,140383880,
108092,85605149,80046381,72266392,
108667,,,30804721,
108807,108016647,86281047,79738634,
109208,,,175318384,
109350,175640159,43835185,100181694,
109819,337348702,173033918,136826550,
109907,1889233,32168153,25466613,
110246,106607929,146697271,125360947,
110334,210282208,90921923,123788248,
110398,48684228,131225185,57177956,
110422,514558442,381037424,329425756,
110486,44639873,109239083,125858532,
110495,59768014,120221272,125727969,
110501,1131674406,-118911947,257747681,
110510,164000938,296778099,270656167,
110529,225631127,351661472,326880124,
110538,195981328,205054572,235174941,
110547,63406558,176768191,169683174,
110556,130706709,288585535,316879959,
110565,441894549,412587195,410717121,
110574,164690170,153055811,203645811,
110583,235704489,457920181,391424924,
110592,129271882,295596442,261492604,
110608,251523302,451006348,451094431,
110617,306030581,263178223,372189928,
110635,,,2198283282,
110644,,,3066633213,
110653,,,1963044618,
110662,,,4939154616,
110671,,,639684930,
110680,,,3047899921,
110699,,,3719284000,
110705,,,851279681,
110714,,,625740235,
111188,22771398,63804667,39890171,
111434,130177017,31415817,30440927,
111461,223577309,80564838,114176382,
111887,139706032,76168379,148295565,
111896,,,34199015,
111920,356383818,63811901,99223659,
111939,201602501,168771830,150280056,
112172,98423231,74650291,99955152,
112190,486670766,172410103,360627431,
112367,,,7009729,
112376,36787953,14500529,28042475,
112385,64611880,25517940,49279352,
112561,,,7821556,
112686,84556483,26557197,40986512,
112817,327489062,188369691,30567048,
112826,,,50015564,
113096,,,74748978,
113111,,,50974315,
113193,49624878,96568858,77260720,
113218,,,48876629,
113236,,,110034273,
113573,337496838,136212178,89977148,
113634,,,119368033,
113856,,,171524985,
113953,,,76431467,
113980,218443093,110039241,177190151,
114266,,,61012928,
114433,6698560,10589466,26627565,
114716,242299322,43630734,115091174,
114789,79082923,84442786,142297585,
114831,605748306,109076834,287727935,
114859,,,172104889,
114938,82330394,23279281,51193593,
115001,98553642,73007839,134500032,
115126,113487158,44732681,86508228,
115287,254710806,120057042,17347997,
115296,,,98790908,
115393,142873517,76531235,65475509,
115755,99062230,184176093,149269949,
115861,74379274,-6279691,69384335,
116439,,,72324498,
117052,61918590,143573075,83732955,
117195,3281911,30082300,19225673,
117247,,,64937111,
117274,2968945,7047492,18110692,
117645,440105297,49820258,189842546,
117681,3045393480,640860041,0,
117690,,,70417259,
117706,,,136783276,
117715,,,52726703,
117724,,,88196811,
117733,,,112292737,
117788,,,137377031,
117803,,,6280747,
117867,,,66671667,
117894,,,61932204,
117900,279695358,424999079,48493590,
118347,155499262,46417150,69635137,
118684,39112175,34109589,31230380,
118718,64044374,90716723,66691952,
118772,,,31913943,
118912,14434320,116814377,100663473,
118930,,,66786268,
118976,,,50370572,
119067,149732505,62500643,60504154,
119137,,,62093544,
119164,278480622,163891484,221802573,
119216,24519099,68877540,89031578,
119331,160668516,18766817,58064981,
120023,294241914,316000859,0,
120290,153422444,76390871,71143584,
120342,193832049,76401835,147752992,
120421,,,44073199,
120953,42268997,47389520,27994844,
120971,180900544,134517898,164879430,
121044,164543151,188491044,187917655,
121178,711471552,58557652,36121719,
121363,,,35452017,
121619,,,136217520,
121707,37515143,43135659,57611786,
121886,155660261,92716415,120315327,
121901,183829810,195553952,236612649,
122180,,,135782804,
122205,,,131052077,
122339,177815000,79547818,108317571,
122375,247200387,110588261,146642386,
122384,120740993,54015030,73799202,
122409,216604145,407749533,501735677,
122597,360887599,386464479,464821123,
122658,227794110,97889218,155703869,
122737,326759563,84512823,28396565,
122746,,,56938928,
122755,349350983,241753581,392927632,
122782,127782069,30837840,29880886,
122791,301840716,72843677,70583205,
122889,67817015,128120353,152803866,
122977,461357922,124706478,210722494,
123013,255282168,184722906,159727838,
123217,101039815,75578487,98060722,
123299,66424312,33097991,68327839,
123341,108179529,84778847,117173801,
123484,32598484,6943785,28944088,
123493,,,12573992,
123509,212764098,51346682,49753301,
123527,,,101332205,
123563,146021047,29636108,80232253,
123572,201162387,165672763,162200631,
123800,207490092,70014109,135775378,
123925,2959109,26264616,22251348,
124113,76159068,45912638,40958076,
124557,27238444000,19351076000,1440931000,
125019,362981840,350912522,56806745,
125028,,,67349558,
125091,161522257,56471858,104602528,
125170,,,30804721,
125222,317690468,116298007,85229878,
125301,,,7122591,
125462,,,40897512,
125471,,,79051357,
126100,354196914,118129023,104658073,
126119,79397731,33262476,47079378,
126182,72123426,64302444,45288143,
126207,29155131,84338488,69612919,
126289,9714875,39539035,39214310,
126562,751140732,899190479,1253498488,
126580,130231745,169735806,140437507,
126614,804270398,1102261699,1103614640,
126711,36774681,157171397,98124021,
126748,11692365,21328426,19762706,
126775,214054209,160965800,180701338,
126818,559985556,687060596,810948384,
126863,6088515,16644313,31711521,
126915,,,4196387,
126942,11510853,21723630,52874834,
127158,,,17251514,
127185,67351497,114982980,71959819,
127200,19950958,100444625,107078842,
127389,1078594,13180818,9090297,
127556,164836372,152629592,109553565,
127565,100207570,53409525,157312726,
127617,1991880,15705887,14636907,
127732,13016847,18483239,18198423,
127741,168937472,169545566,191492920,
127778,5669954,21356384,21658403,
127820,20822374,39634262,73755798,
127884,7838122,41179359,46345744,
127909,11691201,36892535,49531934,
128106,84493657,79713131,79202569,
128151,,,4786219,
128258,4067887,19151165,19276035,
128300,33398050,213475388,170815779,
128328,,,760787147,
128391,95974942,47627980,46962474,
128577,3535414,7758024,16092856,
128771,98682379,249080256,200014704,
128780,1019700,5240156,10546410,
129020,1514715080,1790167755,1824599479,
129215,57224141,234029147,114954357,
129367,6789892,61733592,38467355,
129543,7541215,94616694,37649936,
129695,11734197,71872847,55277760,
129729,13147164,56564274,53676817,
129756,4850997,10625585,21180478,
129808,8170400,90330168,32913289,
130004,11597231,49209480,71774352,
130040,3598165,24256809,15666370,
130217,3720086,15711769,17637901,
130396,12093457,206341642,230446875,
130493,99948204,262202130,188979208,
130606,7889809,41226600,34081290,
130624,,,134030870,
130776,55325261,204074045,109424295,
130882,89396,3380558,19502677,
130891,2581080,21034045,46244495,
130907,1255389,19401437,31618572,
130916,3272324,47532637,65710828,
130934,79010843,135181134,97459894,
131399,79030401,91037876,134971349,
132374,,,26008141,
132523,,,737229,
132675,,,1752189,
132693,17034214,125796766,99588397,
132709,56001765,250770829,243349358,
132851,8444037,88950404,59725006,
132903,318760690,1020178630,778537324,
132976,,,6006662,
133021,3745499,57799431,20607564,
133155,,,7119524,
133386,43321373,172055986,136880470,
133508,26416099,145346535,85206807,
133650,105853913,522742986,319409058,
133669,191032174,802779369,444023497,
133702,48000071,279897702,208648192,
133951,350531586,806210686,714363383,
133960,1524718,23768480,13343508,
134097,374491076,1931172569,997046730,
134130,588311000,2297097000,2306844000,
134291,,,5427847,
134307,,,5068097,
134343,10340004,100111635,49618067,
134495,13988439,233573582,157313718,
134608,19288232,265088493,113155374,
135160,4983572,45654014,27229088,
135179,,,8218820,
135188,4072088,71912086,27506096,
135267,,,9869382,
135276,,,18800201,
135294,,,13934036,
135391,7294778,100149313,75638117,
135407,,,14034599,
135522,,,7124294,
135647,,,17646698,
135717,90151282,979071188,519671917,
135735,,,21228336,
136145,1938959,30586882,12346532,
136172,189310701,376003510,224909797,
136233,7256367,134346064,51679687,
136303,,,8807333,
136358,25771148,226004009,152953847,
136400,10506403,148473886,64132347,
136473,15369966,66269671,79631745,
136491,,,12745384,
136516,6736865,74759274,57464739,
136659,,,3554345,
136765,,,6090576,
136826,,,3386453,
137023,,,12546516,
137078,55909854,310061031,195064062,
137087,,,11171794,
137096,108747631,123504675,103046947,
137120,,,19444681,
137209,18320525,184322495,112821183,
137245,,,11884947,
137281,4623108,67672709,41427331,
137315,3486745,75349321,34297677,
137351,329103325,1063630190,1022274891,
137713,,,1877273,
137759,30105257,133540169,120278568,
137856,,,2557926,
137865,,,5751525,
138187,18818504,246917237,220296754,
138284,,,6235488,
138354,24055792,215795540,155893619,
138372,,,10603334,
138479,,,3743634,
138488,,,9310902,
138497,,,5503744,
138558,51970968,31041238,40735580,
138682,1849372,22220231,32765086,
138691,6016094,41566779,46040467,
138716,38393551,97723159,68127768,
138789,83766371,65642541,87220944,
138840,1993344,15382383,33679069,
138901,2525201,15543874,25598269,
138956,1927675,34017427,31123411,
138983,40575473,79705720,74986612,
139010,4136319,36760933,30234040,
139250,2543104,36334227,30050799,
139278,2988430,54692559,49647234,
139311,52703426,64011309,75652553,
139357,1563627,15902973,24732265,
139366,72604792,83318369,95469878,
139384,5077884,35470499,46055053,
139463,9686120,28675407,42690428,
139621,2098848,21976117,19953067,
139700,3304695,41796308,32525100,
139719,72412053,64525276,90768455,
139746,,,587399,
139755,667885837,1156377293,1158535551,
139764,45877442,44778187,40041278,
139773,17327924,41423016,55333567,
139861,121890998,65550888,103234005,
139904,11036050,44028780,51159385,
139931,210668112,297062797,270898234,
139940,388295121,504479206,614415443,
139959,399183165,1423241715,1258613044,
139968,37740818,37753393,39443958,
139986,1941258,22588815,36375817,
140012,6703260,37327585,48043821,
140076,1093235,22246809,15156465,
140085,1565483,21628436,23083051,
140164,156983680,171184800,265630604,
140243,3765734,26175006,37757960,
140304,1669332,36574423,43652544,
140322,6311464,80302171,55012987,
140331,5461366,72436472,85703201,
140401,151729868,337146810,614145830,
140483,66212997,76742871,45697153,
140599,1802707,31301045,19565794,
140669,53088457,87923387,70934556,
140678,1714545,31154484,25236079,
140942,2157321,44930482,50579866,
140960,58750029,75748255,70401227,
140997,17273654,12469204,18877502,
141006,1370897,22599384,24814581,
141097,63873445,64829593,63779676,
141158,742823,24835304,14179519,
141255,2684966,43322897,40461456,
141264,232025303,131688935,171149563,
141307,1018517,10658088,10460437,
141334,129504267,128319439,147260062,
141565,44962199,191421086,130447002,
141574,475685503,685356332,906333147,
141680,5977075,16997311,47643258,
141796,10201180,61763778,65862474,
141802,2704702,11291364,18080101,
141811,9840070,11335340,48743497,
141839,6700681,80770455,42957853,
141963,267278567,359110739,198596061,
141981,22306086,49582709,13073182,
141990,3346224,73853886,22822902,
142115,291766549,295224780,297253155,
142179,1119119,27106758,22631692,
142276,103031624,169536346,227949643,
142285,208254578,380286428,379064341,
142328,16210179,56055093,63783046,
142443,26393038,35090162,60421507,
142559,9650666,79755764,126349368,
143215,75317484,76398542,111891069,
143279,32861597,62080343,56610539,
143613,39398263,14718079,30486715,
144005,39106805,134717190,141435168,
144157,,,58009131,
144166,,,45167520,
144175,,,39635743,
144184,,,50974608,
144193,,,40669712,
144209,,,52329918,
144218,,,51742073,
144500,164784671,793918693,92778128,
144564,4741317,49964501,27020966,
144865,331006657,292082346,202512874,
144892,179928338,197960707,250917448,
144944,165244483,89931176,107131989,
145336,48877968,78188998,97702054,
145521,15305538,25135631,28226892,
145600,1106709542,1109476193,2295448659,
145637,1270770067,1399100265,2216452293,
145682,100548614,139570933,119423008,
145707,,,13189056,
145813,178977195,419818204,482055070,
145831,13745334,57230625,32371335,
146205,33939091,60399091,50750631,
146278,17071263,31113092,25627723,
146296,199174598,85260671,136679842,
146348,21212177,29706469,38314066,
146366,32368289,35438849,39976868,
146418,29121247,34759038,39214602,
146472,109753540,133522359,127373084,
146506,35502591,58669972,59188296,
146603,130145207,79935782,67782016,
146685,74489642,61632918,75032126,
147004,38902856,55797690,55594520,
147378,114172009,165269305,108037894,
147411,16754169,34650644,35663022,
147703,238231834,254288466,534540702,
147776,50200622,111829457,164733933,
147800,81959764,146066951,94051117,
147916,87453497,70616832,91803329,
148007,26664002,31426254,35355528,
148256,21029394,24660756,35383159,
148292,18202370,30998057,26958877,
148380,109954305,51420664,71639430,
148654,76000931,65899955,92287677,
148672,6400528,32157018,22643337,
148821,10426379,20888558,23081615,
148937,11492682,12232841,20739000,
148991,20313693,3193706,16804569,
149222,310744163,374456143,734694576,
149231,204484254,171052970,313584782,
149240,1124558,342210,6451160,
149365,41396638,16744898,55978562,
149532,21579484,60329622,74215259,
149587,342783067,211069663,259484992,
149727,130663357,82517239,85089466,
149772,97760037,140792829,275771638,
149842,259363128,197691468,157867638,
150136,236324602,628765557,437646000,
150978,33481978,26070255,40826977,
150987,62972357,20423037,90605046,
150996,2070008,16404565,25084668,
151005,23519065,15318411,46702894,
151014,9388922,1195982,28638846,
151023,10607707,35577230,37926695,
151032,35205417,20480362,52121001,
151041,22652730,1815815,23228817,
151050,35719618,26896932,35454530,
151069,27259459,16093348,39339192,
151078,25265016,25534822,20831163,
151087,41301381,28081274,51253596,
151096,20005345,9788612,16893050,
151102,162252584,125744510,152321073,
151111,517538023,920994882,1145095888,
151306,169023634,120298191,143946798,
151324,142399341,319762993,216867082,
151333,18990371,26285179,29435066,
151342,70942126,84385264,80515253,
151351,895298982,1534887071,1371960450,
151360,30362805,45047622,56927162,
151379,57977844,47687644,68920579,
151388,12230222,17579385,31983630,
151537,,,1003442,
152248,76773439,102493720,118160136,
152266,2741646,25619273,38515635,
152637,85734229,219946711,139896761,
153214,157404786,98588207,133542320,
153296,20621833,10294378,18210662,
153311,94325701,69608483,80067846,
153445,46459202,70097851,52998982,
153472,26142940,56214009,58003943,
153524,54435362,31207150,56143462,
153533,19949219,29586937,36723058,
153603,705785411,995687908,993443302,
153630,95950770,45446168,51022982,
153658,1526134000,2611708000,2369978000,
153737,140210907,103165020,134032744,
153922,35112852,17528264,31007342,
154059,19546259,32805143,36124126,
154095,184651958,324535024,284296754,
154110,89724452,21806469,65055999,
154129,16783157,23365524,17282872,
154378,24544462,24159643,43964312,
154396,19200858,16241094,21854773,
154572,33257477,38020550,48431667,
154642,5176348,16055418,17568643,
154697,10786157,23057578,34535111,
154800,19221036,40752403,61714885,
154907,8222610,13661873,20398716,
154925,10977493,5001905,22173416,
154934,6682735,5000875,13545914,
154952,14581128,27067014,24537558,
154998,6640339,12551637,20269203,
155025,36094613,69205744,85366856,
155052,616206,3157100,6043036,
155061,22919595,95099045,98162287,
155098,5013205,11992911,17088768,
155104,15693533,18849284,21323496,
155140,1,0,21065314,
155186,4372317,13550438,19966890,
155195,28782345,43612433,43604220,
155201,9133510,6394004,13014927,
155210,64170162,213950604,172351476,
155292,16948471,33862799,65073602,
155317,574019429,933777159,1077436688,
155399,321534681,447492782,665345750,
155423,,,7334700,
155450,3009712,11177053,15025328,
155487,1091023,2955822,5213832,
155566,9946191,7109108,20887271,
155593,1156543,6857372,9238729,
155618,504642,12584681,7281083,
155681,49695779,102421790,98235978,
155715,7825176,12521980,15066470,
155830,338175,15152437,4473962,
155858,11525896,36113977,18162543,
156082,38199797,131687814,92681505,
156107,9535029,7551969,21124034,
156125,70839012,190027455,240371886,
156231,,,35071221,
156338,,,20879988,
156392,,,73455101,
156620,105363912,253006090,297519027,
156648,,,52739467,
156790,,,35318982,
156851,,,18508294,
156860,,,24952889,
156921,,,84647262,
157058,17981262,105396228,78900536,
157085,1154663712,2389976953,2312410083,
157289,480004000,772347000,803746000,
157304,,,28878072,
157331,,,31401208,
157386,75099066,168362082,156110088,
157401,77044399,207764186,171577279,
157438,,,33651656,
157447,137908000,274900000,221074000,
157483,,,44064383,
157553,,,33309376,
157711,,,53582737,
157739,,,33701052,
157854,164932392,824670328,101692843,
157951,176928598,352980014,331437665,
158088,7235923,-284243,18464923,
158352,6662534,-1650510,15892739,
158431,14468445,-7659688,39011629,
158662,50783667,31996839,126175917,
158769,3979986,4687281,14936695,
158884,5371793,16024005,11515936,
159009,140039829,72950825,92495691,
159373,131705174,267638230,449537211,
159382,15276877,15489986,30751563,
159391,813153117,671242333,1014677851,
159407,14311383,13776564,23339568,
159416,11037542,27189409,42458442,
159443,12216248,5706987,30287236,
159638,11964485,74668322,21797971,
159647,134519859,161366259,179212625,
159717,59215480,76204580,102249055,
159939,126125712,136646125,202677718,
159966,92340920,52997235,92262094,
159993,124072810,85770860,130916525,
160010,7372188,5652797,20967784,
160038,41287673,70061859,106422754,
160481,3473034,4557194,11215460,
160533,3334896,-1717988,6304761,
160579,5828898,6745742,16953151,
160612,144777979,91195058,170727803,
160621,128570302,106419452,170511696,
160630,54730370,47436132,45163785,
160649,25872612,5281347,28825797,
160658,106761214,274397617,236614729,
160667,4996145,-488648,14503097,
160913,5833002,2461449,14414458,
161077,7415023,16425422,20196369,
161138,7826993,22426539,18140920,
161192,3475344,12249002,13873268,
161217,5694000,38816000,47213000,
161226,15540000,51796000,46119000,
161235,9175000,11112000,14973000,
161244,7004000,10079000,12983000,
161253,123616000,360109000,351010000,
161280,83997000,67147000,35634000,
161299,7174983,46611191,34049356,
161341,3791000,24492000,20276000,
161484,1645954,12534458,14256688,
161545,16636179,32565163,38979991,
161554,103254000,143655000,192831000,
161581,795334,12641618,8620348,
161688,4736505,36604339,37096724,
161767,32989124,82261966,127786559,
161864,11290389,85017783,79836491,
161873,48613079,60426657,102613252,
162007,26470175,110828750,96036460,
162104,5394537,52395116,37086404,
162122,13878303,89771773,71407054,
162168,5731194,51826518,33699135,
162283,36969299,239410207,112991810,
162557,4684217,67878678,58373153,
162584,27554430,74315902,90393048,
162609,3232537,15906391,15895559,
162690,6702095,64570095,43080553,
162706,6962082,93476036,54539375,
162779,26385022,157827395,91838732,
163204,67352167,277588135,325653384,
163259,305415691,743323539,985330661,
163268,135456359,195177473,333068239,
163286,561832792,1492754410,1522797903,
163338,68308149,133972132,99754648,
163426,87734452,377812237,321815798,
163453,104701465,284648655,192927305,
163657,19004773,128287517,122899686,
163851,74030323,228737189,141049934,
163912,50635914,116724458,67091495,
164076,148518382,435611907,372916865,
164146,183333077,156752614,33478966,
164155,,,432629766,
164313,8160436,62306473,38606837,
164535,,,763949,
164775,4429724,9705218,24302375,
165024,67732281,72808406,144787257,
165033,7614731,27846650,59008138,
165112,19898205,32376659,75835222,
165194,6579926,17169356,32495665,
165608,,,577630,
165820,25895542,66941564,79297988,
165866,37652706,63509572,67629029,
165981,4053799,23298571,32620936,
166133,13880897,33889190,57719644,
166513,218475000,182289000,303290000,
166629,762530000,815916000,903493000,
166638,201303000,223634000,325170000,
166647,5960236,14642095,45116823,
166665,131595000,87762000,106367000,
166674,20778464,27163761,52300263,
166692,13131292,42258293,48759828,
166708,547025198,447801504,892796276,
166823,9175185,22274306,63253590,
166887,18222543,32728743,68753249,
166957,9614749,12941741,45274472,
167288,9125890,25346468,40271393,
167312,21082509,41874597,66608666,
167376,8237568,19968389,49626138,
167525,5235645,12290498,20007120,
167534,12924968,33576776,62076070,
167631,5823094,29544943,29441879,
167729,30659560,70236330,121714687,
167871,,,3960975,
167905,17991344,33577042,73188806,
167987,228869000,65119000,220078000,
168263,17973570,55120861,96009918,
168430,26493494,82517422,73231112,
168607,4794165,16107962,19677801,
168883,12616011,24031053,22345731,
169248,259674436,545292205,434311558,
169275,80857231,99929417,116372230,
169521,7512379,141572941,101723386,
169798,335635675,231072256,337164168,
169910,162412476,250831671,239141379,
169974,4903741,11659238,17830466,
169992,5791749,9999972,11733550,
170055,74643484,100087420,150482502,
170082,328331371,538757542,398046223,
170240,58481347,77107773,113164740,
170444,49208941,48424369,59924782,
170541,8322750,122847245,79410715,
170550,15807231,56882353,56084309,
170587,6142555,16189855,21770271,
170620,11599072,49604548,40440866,
170639,33219194,46934537,47918425,
170657,77813280,130448653,144396813,
170790,16322781,314964760,156935340,
170976,4298007000,9016385000,5786349000,
171100,1375797861,2467778487,2006353207,
171128,100967000,200990000,213646000,
171137,31351000,162468000,115335000,
171146,23411000,184135000,106729000,
171155,6328066,41936550,37067225,
171225,3201824,40884482,32800931,
171234,5849848,18844033,20071716,
171304,26830663,27439357,41371224,
171395,3958401,28928612,24075241,
171456,135111461,219277330,159273894,
171483,34215928,56328588,51948829,
171535,30746573,363107032,214599632,
171571,177020829,321080996,262653264,
172051,161542547,201758300,148061135,
172200,16303616,131117535,92463130,
172291,9345619,52135727,41427061,
172307,26367524,40993059,34943146,
172422,,,14044341,
172617,52751068,127096354,126410454,
172635,35739332,222096097,182851968,
172644,697678982,894726532,819727059,
172671,3464581,33506538,17662661,
172699,488712665,328175223,501666725,
172918,12966000,24559000,27998000,
172954,7191000,20833000,21950000,
172963,18313000,48165000,56492000,
173063,9147000,17957000,32057000,
173115,3647000,7138000,10849000,
173124,37026000,58972000,72708000,
173203,14213000,30988000,35571000,
173416,8843000,32107000,33993000,
173461,12857000,31172000,39218000,
173559,17714000,32370000,56005000,
173638,8612000,14894000,30585000,
173708,12588000,29472000,51737000,
173735,8693000,20051000,17759000,
173799,16079000,40442000,41582000,
173805,7158000,8332000,14584000,
173911,9254000,12701000,34742000,
173920,120427000,187101000,205707000,
173993,5341000,8498000,16151000,
174020,29984000,57947000,76225000,
174066,1526128112,2541181654,2852532176,
174075,3335776,41393366,30786000,
174136,38903000,94074000,77502000,
174233,41135447,353849970,248104525,
174251,5930398,66923784,51864775,
174358,62113000,89088000,109135000,
174376,14920000,46556000,46534000,
174428,38457000,54236000,67993000,
174473,11844000,31675000,35399000,
174570,3035000,6626000,13825000,
174604,1213000,3262000,5085000,
174738,16365000,66870000,53582000,
174756,14665000,42575000,37919000,
174783,93644000,163661000,215216000,
175041,18472000,46127000,49143000,
175078,35338000,65823000,54164000,
175157,3079000,5832000,9679000,
175236,12993000,28901000,43172000,
175263,7847000,14822000,22447000,
175272,92287000,150606000,135885000,
175315,30371000,54160000,80394000,
175342,61392729,130962993,79319507,
175519,1580329,37209285,37831681,
175573,11533450,37540924,52296594,
175616,14028330,92865415,71355946,
175643,3790485,20657594,39002368,
175652,5791341,46574285,54082030,
175786,61241185,132366382,151257314,
175810,15207916,36390002,54326799,
175829,21321321,79156960,105126896,
175856,118367191,180222020,185716409,
175883,23637415,68664550,56920721,
175935,4702758,34352523,38333219,
175999,33802660,61362662,69046363,
176008,2830639,42131028,35222932,
176017,197939376,722860789,433111973,
176026,362936026,688266496,1007097519,
176035,5792109,91082123,44368168,
176044,23487171,57071449,64949296,
176071,63064034,122026689,97285290,
176080,245221358,635367129,616371267,
176169,4258912,40145870,39403737,
176178,7242464,91268192,72646173,
176239,9157040,88841419,68717720,
176354,2270385,40253586,24002987,
176372,205033460,378963822,318918636,
176734,,,293317,
176798,,,2766922,
176965,99672508,176783562,181521814,
176983,,,4160587,
177056,,,1723283,
177135,8347414,37359628,38533102,
177250,27201012,33587081,30310061,
177436,,,2379869,
177472,13129837,21986890,75560444,
177551,22558899,38487661,31003707,
177676,28564789,36070313,50267525,
177807,,,205581,
177870,,,350250,
177940,33195880,75479043,55682208,
177977,11928098,43100337,34861020,
178129,121564911,123314689,145886483,
178217,16006074,19525522,35721770,
178341,35680417,84234244,75620588,
178387,50356286,74883821,85164695,
178396,1132787639,2305220075,1881091637,
178402,191999342,390424139,357771830,
178411,91539588,339992137,188058600,
178420,100389251,289881794,221701200,
178439,1024080819,355216957,149632109,
178448,3592685,26889424,29604690,
178466,,,2380409,
178563,,,993519,
178615,79735798,229065010,109233469,
178624,97949115,102142256,106354964,
178828,,,556149,
179052,,,2256566,
179238,,,835949,
179283,59941528,165691083,229872680,
179344,1490349,17791754,13387909,
179539,2322430,28860369,34023014,
179557,129653523,281972995,172465531,
179566,128781583,378002837,291184138,
179645,8094339,15722405,22545187,
179715,5778944,24281324,26512260,
179724,,,414054,
179742,,,291385,
180151,5902240,8772365,7803796,
180160,864992,5829467,6172167,
180179,29199803,61244649,67870258,
180197,21057780,17719957,35010192,
180203,229323,8269670,7673440,
180212,3065274,9177144,9986672,
180249,3487730,23187804,17735708,
180276,2555430,13552482,11702216,
180328,1073483,18335045,9958804,
180373,3159602,5814362,9974395,
180416,21198007,52203358,75158257,
180461,213516919,220347600,370498934,
180489,204929641,178299176,303949997,
180522,10377194,15582848,25271314,
180692,10390776,10552661,25724715,
180902,26951192,51350153,58786797,
180948,9415699,36674690,34176356,
181215,39851656,129171923,94317451,
181303,24627503,105014791,111810334,
181312,4614944,23961116,26712370,
181394,159097073,202801206,229816991,
181419,575736,5373671,3392755,
181428,96627916,830985657,503601292,
181464,439171820,963622573,921655780,
181491,19870061,64779241,48855580,
181534,5237755,39151847,21088915,
181640,4383597,86132293,100708344,
181747,22410274,103262111,52788257,
181765,471326,5666491,5981403,
181783,13600343,75756801,50328469,
181817,14351566,20935287,30723555,
182005,15865000,274021000,211713000,
182281,307041000,827754000,550286000,
182290,328353604,679339240,573486705,
182306,3355000,45516000,28216000,
182500,11601000,85783000,72718000,
182519,6484000,48697000,74090000,
182564,3198000,42986000,32850000,
183044,376260304,629241490,530641432,
183062,113283061,120715988,112710894,
183071,1185877,1998887,12980603,
183080,104187116,77774987,96441978,
183099,5081420,45506180,40322162,
183105,537513,10099832,10833822,
183114,555123,8647266,11994442,
183123,630287,13497129,11570882,
183132,957968,25887664,18426427,
183141,2465446,22840744,24820399,
183150,1367996,26355505,15248402,
183257,2814924,6451671,13828964,
183327,89047540,53432393,20963714,
183655,10454796,58626898,55990084,
183743,33813271,140608022,116415480,
183859,62792846,135049733,140434464,
183877,19678097,99926649,58278414,
183938,21299057,94674637,109985483,
183983,,,2015970,
184180,12077653,74164406,69065954,
184205,3884657,52451116,32580669,
184481,19500114,126611436,121722105,
184782,409919973,172741633,240847337,
184791,9000716,43694410,45290638,
184995,10126869,92550016,68932773,
185129,138998412,97696097,138740640,
185262,369592390,165036052,220811483,
185509,11517087,56373909,94210034,
185536,19138323,87374335,116906207,
185590,428065000,298590000,318703000,
185828,201785000,192099000,250050000,
185873,24931295,71554752,81425431,
186034,7771016,58893901,62390062,
186201,277975000,73831000,138002000,
186380,1066870000,2426600000,1892955000,
186469,1052060,17247630,14733787,
186645,9624382,67033503,54458644,
186876,292407978,156793825,153097037,
187046,14493750,48202142,51824458,
187134,423536000,332001000,191461000,
187198,27661817,98835621,133912392,
187222,1067578000,483015000,1821381000,
187444,210366207,261555880,201658982,
187532,67407224,224167940,171335697,
187596,9055667,21224853,12511583,
187620,2530816,51877320,66007554,
187639,2838555,27121632,25067498,
187648,25129062,89711656,70870357,
187666,8027946,49326521,40073983,
187745,12595372,52027416,23484765,
187897,42924667,72621858,72737378,
187903,6535532,73613487,42979846,
187912,6747786,384906067,31063721,
187958,,,26073095,
187967,35167527,232945688,169758815,
187976,,,5886215,
187985,926504606,1454119219,1736753553,
187994,1173005,18168944,15696101,
188003,713984,9583502,14907654,
188021,296453,5428107,7450313,
188030,245310448,436799651,526869026,
188049,,,18198253,
188058,2517745,28994444,27557342,
188100,33054997,72204951,66721570,
188137,32072141,76096635,61322373,
188216,,,13570372,
188225,,,14743888,
188261,1061128,19376336,17903052,
188304,10473369,40619395,43890750,
188438,24991812,19843298,31473966,
189547,38487670,14899135,60194768,
189839,28455586,4182909,50198066,
190035,1161127036,74488326,402925754,
190053,17083526,-738943,19138359,
190169,36847864,-6306793,21449988,
190442,32148224,28337883,43541055,
190512,422018173,-3064205,242141537,
190521,150834234,83372230,245710788,
190530,55114534,30808239,138755119,
190549,332061445,47808992,231185924,
190558,380186899,-139583337,187422941,
190567,629438062,10334508,354374607,
190576,216996129,-9521932,198771694,
190585,95290495,-12181325,97801761,
190594,305727729,109452961,346194973,
190600,367869303,83804207,209493147,
190619,67799808,54934923,157484440,
190628,127692101,9398386,196955603,
190637,183270570,12839970,177353460,
190646,181677097,60544533,110117277,
190655,107958544,-8306631,165215440,
190664,363700189,46108865,284668865,
190673,25677522,23382794,137451836,
190682,67422672,4979868,25690458,
190691,120312659,27521058,115349808,
190840,78429287,1956148,68978671,
191083,64044042,-6706447,128592852,
191126,76819149,102498571,186761913,
191199,15694794,33439908,63298347,
191302,13909876,11083486,24441326,
191339,14389692,31654017,46927531,
191612,37097829,10352910,39845298,
191719,147242121,32785536,125987889,
191986,51535807,37819227,40698346,
192022,32158896,5675338,39279750,
193122,,,1312696,
193283,53221252,16747124,75237418,
193326,111745916,66862085,159588925,
193478,443296657,-253681995,202794493,
193946,65963272,-8461771,59272374,
194028,3235757,4108736,18907979,
194222,117030609,21234679,91952886,
194240,128499095,1791575,64754715,
194259,,,315005,
195058,81529270,-6822113,63956010,
195322,40790590,-1222110,35074091,
195827,1387421940,-683204289,172681624,
195988,21825296,912350,23509989,
196006,93879598,17006139,78022172,
196015,93049314,6319014,56534815,
196024,83683672,15310175,57508908,
196033,80710321,15222387,63708248,
196042,175997410,-8174778,104236889,
196051,97955967,17334962,77926291,
196060,535756225,98801483,674224216,
196079,606314233,141586512,396571418,
196088,1099144049,-57724356,882748590,
196097,1769595819,351554174,1860703338,
196103,108104663,-3084422,73929441,
196112,126566734,-44828114,54337230,
196121,217932216,-662891,153166283,
196130,250307648,12123373,233786549,
196149,200451745,19512349,140268980,
196158,173007275,33230853,124545960,
196167,184666721,30007118,115350384,
196176,257152015,1055643,155091803,
196185,182566183,26747139,135370296,
196194,258972108,33218757,162782454,
196200,134387593,-5173693,101934135,
196219,161888341,40794375,112552507,
196228,57765634,68750350,41686724,
196237,157991056,598202,75400456,
196246,161139304,7922976,129261666,
196255,804508694,-75987701,879906445,
196264,83253862,-6918307,109302295,
196291,96022015,8408767,53125719,
196307,840130878,-32070857,768490769,
196565,42736077,15403526,44156243,
196699,37866843,-12116710,32387034,
197027,,,78491182,
197036,,,359335600,
197294,178670798,31821210,136306609,
197814,1463642,41282162,26650583,
197850,1485393,22497073,23324719,
197869,240866324,364325076,354555349,
197887,5035658,74055878,56596020,
197966,968105,17008527,18938682,
198011,823938,9294396,15644763,
198039,1360693,30941744,40203229,
198084,846745,45341670,20875825,
198118,2483429,40296639,39621862,
198154,4681224,117855247,70370524,
198206,1447753,26001842,17369759,
198233,3689173,47371437,46945515,
198251,4150558,40420145,45601424,
198260,22679699,287293320,163052955,
198321,2403714,23274392,30413375,
198330,2253850,34768258,37440498,
198367,2136604,38030198,28398363,
198376,3448252,36184590,37619916,
198455,2784159,44797882,42202764,
198464,292414853,801748653,762201830,
198491,2350092,19949705,25991211,
198507,28957049,119840256,94023152,
198534,4572180,91385718,91384022,
198543,14157620,121275634,119868550,
198552,5508499,69932962,75697517,
198570,4144954,68045536,61669865,
198622,5154422,176743441,114701187,
198640,1094074,15945842,18033305,
198668,1372527,33623405,23498877,
198710,1693753,35151792,26588497,
198729,1163868,10764518,15285052,
198774,4949248,51881645,40775193,
198817,2008420,34632747,33775573,
198905,465567,9831881,10118446,
198914,946110,15111665,17062340,
198923,1508777,9643345,15409486,
198987,1852929,39590609,28361269,
199023,533196,8271752,9646771,
199087,2277364,21294661,26245393,
199102,39642819,358793914,258526605,
199111,30651408,164542040,103794864,
199120,2791887593,3711597694,2609404892,
199139,249074908,730472395,468012859,
199148,193338972,581980413,402404345,
199157,112378405,220037068,186744222,
199175,14212117,138485432,295356195,
199184,13715026,106903298,50718996,
199193,680405650,1514253038,1223520099,
199218,262754668,351039403,261158011,
199263,367249,8824375,6464343,
199281,41634935,112694195,120241945,
199324,1879015,14668247,24728225,
199333,3178073,52224282,60568962,
199421,1764222,25347823,24051296,
199449,1565564,19847961,19045634,
199467,747396,8458585,9885091,
199476,1751286,25671923,31902801,
199485,818531,20380407,21050178,
199494,27070298,50920214,57154088,
199625,1312918,15956483,16313442,
199634,10947109,54752730,40317304,
199722,2256035,17533904,26002035,
199731,2014032,27679858,23070984,
199740,2021291,12494464,23575190,
199768,1780016,28718508,30748746,
199786,1462944,33140095,36407746,
199795,589061,8546818,11812854,
199838,2465556,33899997,37917023,
199856,8206962,155199520,123766439,
199892,1541011,33903506,30780005,
199908,1492846,18162081,30560291,
199926,3232328,31901874,32958694,
199953,827085,14426845,20802619,
199999,79881961,121411044,140651599,
200004,110460998,311589894,188303834,
200022,11239160,31785203,41286965,
200059,3040748,46942337,42013090,
200086,1976545,8631825,8739949,
200192,2868124,6595987,12918473,
200208,398219,12637307,12722718,
200226,15127649,11493176,17992503,
200253,23991644,74676380,60825294,
200280,149385150,351910110,386445654,
200305,4191985,31026431,44019825,
200314,769531,5947167,8080079,
200332,181335589,227903766,369482902,
200341,2000636,15867678,13034122,
200466,2251061,21977462,13549047,
200572,5396977,10592865,20024483,
200800,537327189,463598042,482198051,
200828,,,718609,
201034,,,3717430,
201098,,,2063909,
201131,,,2951651,
201159,,,1775375,
201283,1071799,18383783,19793362,
201441,202867522,388259563,386071722,
201478,,,2709568,
201496,,,6720874,
201539,,,3139498,
201672,8520723,43077634,35824877,
201690,19023972,77255079,64389207,
201803,,,1309549,
201885,1411498214,1684249570,1013824222,
201928,61284485,62562971,87525927,
201946,,,28042056,
201955,,,37962827,
201973,14195070,34912648,32374598,
202134,274208820,337059117,298814761,
202152,,,7934176,
202222,42082780,283632615,227172850,
202356,317379581,281398214,311935825,
202648,9838478,16886609,19838642,
202657,,,3859603,
202949,,,7731630,
202985,,,742034,
203030,,,2542507,
203155,14941003,47762935,65630958,
203331,2316370,14462784,14710029,
203447,,,14850380,
203456,,,7449683,
203465,,,32595805,
203474,,,17545667,
203483,,,19161329,
203492,,,11648970,
203517,408766000,588301000,523220665,
203526,,,9972821,
203599,33943047,39111274,67674532,
203614,,,3279152,
203678,7887729,35985980,32934126,
203748,25656253,139399461,109671506,
203881,2893427,7140066,17960674,
203942,,,1448988,
204006,,,27914205,
204015,,,23157816,
204024,299868012,776158027,526676967,
204158,,,5335847,
204255,3537353,23756668,29800175,
204422,4938328,20703774,25212883,
204440,4921105,23837612,29623962,
204459,,,1502734,
204477,8380038,79100865,54100667,
204662,451070,27709146,11639298,
204671,1294922,11479351,15060205,
204680,1465101,34187397,17567930,
204699,1613090,39284801,19947482,
204705,2282819,42268330,24831430,
204796,2353001121,4565701687,4647037720,
204802,,,7097941,
204820,,,17796665,
204839,,,16703801,
204848,,,15561619,
204857,289006480,629630303,569073682,
204866,,,14608575,
204945,47413227,107453141,138448704,
204981,,,1417996,
205443,27196975,88543289,60937242,
205470,32669869,281073164,183822064,
205841,8701689,81447224,97974560,
205966,7667145,22776622,33467604,
206011,3399162,28769541,23828377,
206084,479522045,565343927,835591422,
206172,,,1301532,
206181,,,1518428,
206321,,,2571168,
206446,3807359,18960531,20935808,
206604,125015456,371506140,392537837,
206613,,,9510611,
206695,100859380,203356967,220383156,
206905,,,5338566,
206914,36219153,64035473,64819370,
206923,9099882,19936647,24756387,
206941,95108355,100015488,171634905,
206996,9311030,17280343,22450630,
207041,31942025,54002622,71621357,
207050,15048264,11372811,25711587,
207069,21515500,7550790,16877171,
207209,34812503,87003252,70419990,
207236,13720877,18021379,24506982,
207263,72165999,159630696,109033510,
207281,17725277,22379757,49580308,
207290,9678421,27291771,25086014,
207306,10274579,23602745,29783124,
207315,37263113,57221260,134686737,
207342,287879000,742050000,781059000,
207351,15076994,14303437,21526754,
207388,663483786,804236935,900446787,
207397,12287338,37777583,43899420,
207449,38903629,64344559,84120536,
207500,976763000,738132000,805264000,
207564,17470768,35046980,40127627,
207661,35177494,32559111,44216881,
207670,19407673,39972680,57270745,
207722,10583034,14115564,20755739,
207740,22951742,2721116,18505252,
207847,39090860,23686586,55563341,
207865,25177015,54301695,68623139,
207935,55742248,104529578,135074208,
208026,,,2278562,
208035,5486738,17738721,15785130,
208053,,,6320987,
208275,17866266,25551222,34730234,
208318,67906882,61562315,58993991,
208390,149860857,157087757,164499879,
208406,97694582,36871576,84371733,
208415,34795428,21716798,20032280,
208646,55237874,20382530,53838610,
209038,114111332,113721925,181371263,
209074,55239432,43005395,86374583,
209250,85111000,35415000,112233000,
209445,488987098,39297514,26889263,
209490,1063141000,1695674000,1936178000,
209506,62228862,32306939,58212789,
209542,544759794,502896344,749060875,
209551,735207397,533659014,759583103,
209746,460658649,254832190,341255164,
209807,393221394,208588926,428343419,
209940,46787135,24071612,66357952,
210146,67437447,38999642,83521635,
210155,45179788,16704640,39254082,
210234,20644651,8315216,42937576,
210270,15246106,20304928,50837405,
210429,100355119,37662866,93129131,
210605,71931546,85693572,142716154,
211079,36966250,7026255,31946168,
211158,162983351,56546651,157548478,
211307,65205172,53702258,93718851,
211343,34583876,23763189,35625808,
211361,155921748,6164199,134942774,
211608,50409182,-5309780,47131164,
211644,84414385,15390905,108835421,
211927,86294739,64979720,92098737,
212115,129256952,35752232,119005512,
212160,118871825,12609659,108591876,
212878,114148171,114755035,182406182,
213020,193435956,19608416,235261581,
213349,247080146,97258458,170609397,
213525,35389752,37653075,59741011,
213613,71884767,45031953,88522910,
213659,21378802,49721974,70375238,
213783,66735699,10696961,64994366,
214041,132615589,68159513,140750956,
214111,82484414,76596228,99328453,
214379,38053756,58946985,91605078,
214661,38886122,40946302,36371019,
215239,152722848,84377130,153362767,
215585,28978405,42822082,46872389,
215886,,,2174735,
216010,122398213,67068716,129547032,
216038,121040532,55938311,140834949,
216296,3928760,3093906,18362078,
216764,197245676,122901794,220076363,
216825,28553379,23539589,62597606,
217420,68108141,66639199,129518100,
217475,20998993,52833542,112684121,
217484,347628597,339169676,458502534,
217615,3664034,30368748,23923143,
217712,5454880,24559406,23619536,
217819,236560472,226799252,219035593,
217837,1252660,11108678,10314264,
217864,67066377,110158876,95129615,
217882,228940322,852177648,736371500,
217989,1597205,9238038,14628782,
218025,26213657,37850855,50811016,
218061,18877152,74778772,58271227,
218113,58996485,82543983,117057046,
218140,7095371,69325798,58752719,
218229,20545570,54825126,46297784,
218335,318094651,518438681,617751707,
218353,31563446,100980538,107372716,
218487,2588051,26193441,28773239,
218520,4733031,38310268,46479319,
218645,45448787,48723191,43160462,
218654,1593028,42571509,19112369,
218663,469429193,893026940,820989069,
218672,873970,15003250,13043120,
218681,468010,5215095,8543516,
218690,794308,11109390,11051899,
218706,230297,4063266,3973527,
218724,111073344,138823281,149245025,
218733,95938750,64309712,127613906,
218742,51570629,43663000,68613872,
218830,14617104,39750716,56818778,
218858,10515851,35583679,36694045,
218885,12591147,52150196,58583887,
218894,23757044,104914529,122275918,
218955,1234387,4879217,7591205,
218964,94804897,84120340,109937473,
218991,5750709,44147736,43468103,
219046,25178668,45566631,46220283,
219082,14226010,15697604,34909559,
219143,2507408,24411776,22090124,
219189,1300109,14366831,13477817,
219259,15473483,26924331,36085162,
219277,7726018,52554184,41390549,
219347,35619904,51387237,85108008,
219356,109461023,229771950,288512618,
219408,906317,11752612,7880559,
219426,1958978,24654652,28319020,
219471,120989512,173524476,183662936,
219480,1246772,14896589,15289258,
219596,,,2788102,
219602,60750819,142802837,132271311,
219824,11295019,48733248,79886035,
219879,5036267,11806162,27400399,
219888,6161017,30612336,35835815,
219921,,,2377599,
219994,,,7220626,
220057,3193148,30128256,31119354,
220075,178472986,202233449,305270020,
220127,,,4799148,
220251,,,3360791,
220279,,,3968325,
220321,,,4946555,
220394,,,3596400,
220400,11151660,18387970,34759530,
220640,,,4579428,
220756,,,3636533,
220853,,,9374138,
220862,173365235,357710101,425445779,
220978,224720216,241841710,365666307,
221050,,,8350446,
221096,6646325,39646076,28053770,
221102,,,4334306,
221184,12401943,68666042,76786622,
221236,,,2972148,
221281,,,4165064,
221333,,,6515415,
221388,,,2732960,
221397,9765689,46595057,49968751,
221430,,,3846149,
221485,17577181,124913537,110171608,
221494,,,10975164,
221582,,,4571526,
221591,,,5044607,
221607,,,3445018,
221616,,,7112551,
221625,,,7102406,
221634,,,2787399,
221643,12624177,69068015,76856592,
221740,72820259,171006934,166950716,
221759,830132644,2003844020,1632816130,
221768,93820345,90552964,116482341,
221838,69279412,181027115,182593541,
221847,58188822,116125064,154186622,
221908,7522580,53499678,40528432,
222053,12040132,51701240,51928443,
222062,11214044,63128029,60530726,
222497,670106181,277330848,84244967,
222567,23596125,20799348,38319135,
222576,78749794,99197660,88883466,
222822,30549938,32531088,35579199,
222831,98651402,186213877,112083581,
222992,366433123,97204483,276692286,
223214,66152025,402862147,394037559,
223320,10636425,13191207,32801412,
223427,73067140,81401799,87141518,
223506,45701157,35942913,32119219,
223524,70848908,40255097,56364664,
223773,59437645,36143822,38821835,
223816,30410999,171757833,135846927,
223898,17878134,11162186,20636284,
223922,8450259,14858349,9712949,
224110,13517401,37101560,41756113,
224147,54789988,192751068,198572914,
224253,60193960,173649066,52134423,
224350,145368694,76830100,116919269,
224545,7214654,45506808,32503685,
224554,59464278,157198399,158604322,
224572,74708450,36487243,58464096,
224615,83835866,27428898,73948706,
224642,126396582,111512628,175032116,
224891,6150892,13257759,10055691,
224961,5501164,23450003,24191818,
225070,66073202,36535516,40392488,
225308,5607063,41582275,43170315,
225371,9392047,24397620,25215903,
225414,63058618,75876790,95408129,
225423,715109661,267544695,386210627,
225432,90026998,95492696,136754211,
225502,61134421,25730351,43315153,
225511,778157266,832798682,818972585,
225520,29682149,33143569,34630803,
226019,12036721,62872234,52452531,
226091,65187221,227847857,207761292,
226107,5105706,38013106,24262883,
226116,5329578,25478183,24433746,
226134,119134486,36410728,81754728,
226152,20751340,179823210,101083342,
226204,43631575,37909438,59127244,
226408,10714249,24679213,49712500,
226578,120320046,42528067,75758570,
226806,60125772,75868607,60267025,
226833,125036888,89138120,88902229,
226930,62325277,27223741,44473281,
227146,49686330,36436051,67042503,
227182,712814688,223686560,328331922,
227191,76019585,63511224,56626140,
227216,513038715,513293260,549131274,
227225,23300305,11039414,25858311,
227304,29720791,30390244,43888163,
227368,71917808,291974085,278095165,
227377,159544630,229398573,200485860,
227386,11679421,18383028,19578118,
227401,22786090,29145106,35898210,
227526,72546469,383244765,192033684,
227687,1941419,3203527,6391763,
227766,94762608,55553758,86261981,
227854,,,81430574,
227881,88339236,428287313,274938258,
227924,,,155103695,
227979,308421330,198304118,192463534,
228158,9591522,48195377,64208030,
228316,16674530,16093189,40991011,
228431,286063315,131921291,205180616,
228459,190179562,914178843,520860667,
228501,12302634,82382308,56567416,
228529,53287268,177670185,151920789,
228547,99349951,870543286,357433940,
228608,40865601,22094635,41435935,
228635,275472320,3069081200,1961667783,
228644,152971641,1210414394,796790480,
228653,313437585,1445950573,1711514446,
228671,1183747,14659067,16686600,
228680,45532190,38528735,83579222,
228699,4405903,33685645,28111520,
228705,52430961,155174425,159044564,
228714,16597914,106052858,104721692,
228723,715080890,2318675406,2193709672,
228732,5364695985,-590337177,449475565,
228769,125629734,801267113,459515221,
228778,689585006,6258671820,2874206699,
228787,105400594,904147506,482873027,
228796,99249694,733800737,502680014,
228802,24478883,267345229,113481934,
228909,113133335,163038258,218764490,
229018,30617875,227431168,117841305,
229027,162225366,924341797,502630258,
229063,181797302,146873857,222113186,
229090,15606505651,16883858129,3393225294,
229115,564215622,910244754,752674758,
229179,151729088,328733933,191541316,
229300,174223290,1211392648,1087230724,
229319,23922361,28603586,53381615,
229328,14582221,14514037,28349248,
229337,245241161,655010941,672817207,
229355,102474919,72816748,79819078,
229407,746647008,152844430,56902666,
229504,13158027,15509338,22355312,
229540,24164980,37900255,43388221,
229799,13883842,45727366,42353604,
229814,72676260,163970586,142360260,
229832,15595723,13560286,20043520,
229841,16079559,43610058,42421478,
230010,,,8414129,
230092,5397150,64302148,34073583,
230162,1564206,35120776,19733438,
230171,10776804,112269800,78812292,
230490,,,18033738,
230597,4935871,110540522,56812042,
230603,34175214,147135304,104666183,
230676,1017985,32975000,36752137,
230728,221882507,720347202,485335959,
230737,48663013,264340312,242402763,
230746,36030433,256570464,189532223,
230764,850175000,3131472000,2871535000,
230782,49711361,329928265,207442366,
230834,,,41511510,
230861,,,34642869,
230913,,,32244997,
230931,,,31273673,
231156,180102242,71232579,2263831,
231165,,,38720138,
231174,643435000,466028000,606166000,
231536,3895993,25936183,28185482,
231624,249586164,429821460,323703667,
231688,,,143454,
231697,4205495,15848673,21729634,
231712,163709179,198758383,138740671,
231873,1045772,7540054,9596709,
231882,3738059,26405891,24808112,
232052,811826,8813659,7987312,
232186,705864973,509355641,659817474,
232195,4926309,27800524,29891344,
232414,15990810,64487476,67109146,
232423,308987466,562331954,410113858,
232450,5667897,58484829,44072194,
232566,94022642,167421096,118466047,
232575,4987177,34565341,33375274,
232681,61080682,134081994,96934379,
232788,2020239,20905289,23077584,
232867,3387597,15774225,25690882,
232937,73288856,126244135,146703202,
232946,64024262,242170010,252598878,
232982,351889338,323302103,355381396,
233019,3279351,18445526,24415147,
233037,1917286,10312435,11232595,
233116,4733607,27126388,32013446,
233277,48411593,208082132,168974812,
233310,3266676,9253980,16858751,
233338,3649367,26448838,29976859,
233639,4233492,12046859,31604011,
233648,3170113,28252747,27642994,
233754,12826732,59054053,55994659,
233772,85038812,187972465,193927900,
233897,51359873,131046821,69722345,
233903,1953223,8139379,16125357,
233921,605351706,1048659342,1112486619,
233949,5889537,25214671,37826056,
234030,557927359,672535338,841889221,
234076,1490896523,5226714331,2741970085,
234085,27899500,227760130,83289223,
234155,90245783,130776266,131758039,
234225,,,569669,
234359,,,15489374,
234377,3914846,18406589,24584003,
234669,28207325,176798841,111460877,
234696,30638700,41491546,27311934,
234711,6981525,35684001,28881419,
234827,135826047,338340589,208197968,
234845,3622065,61619486,32857257,
234933,13776596,118781598,106290384,
234951,20626220,65442331,56253837,
234979,14644717,83133284,72028691,
235097,63551233,297722781,188975047,
235103,24792679,98039380,95048949,
235149,31686100,121280924,83736254,
235167,33449730,190136969,100480040,
235237,12550579,90626032,68974263,
235334,3465042,49393098,30253590,
235343,53953567,101126485,82608845,
235431,19866983,64158423,75509623,
235671,8980236,34449375,44250781,
235699,3578355,56459387,47716365,
235750,4986082,57823713,43651060,
236072,32990399,32549311,58269958,
236188,9642265,110359730,75040513,
236258,3725525,55794391,36968262,
236382,4663014,47524934,35562809,
236504,4396558,59345560,54257800,
236513,17587748,89700111,94934134,
236610,21661596,49224052,61911175,
236638,10968085,74858373,58407504,
236656,10700112,118586518,74868007,
236692,11968122,97701125,91158033,
236708,13576321,78689034,112156071,
236753,13238069,80766125,64965324,
236887,6756209,48536430,51402354,
236939,535262931,1549607910,884391032,
236948,1806645501,5193668773,3966533018,
236975,9393529,24035041,33725001,
237011,119831904,409788893,265337451,
237039,5795655,70700295,39701838,
237109,4378072,100725429,54871373,
237215,4246166,15721901,23199009,
237242,,,1985547,
237330,14728780,45887238,43217363,
237367,77596771,61937745,68262574,
237385,35468226,26121446,25272855,
237473,,,5575229,
237491,,,384828,
237525,141479588,312580880,260882785,
237561,,,2418475,
237686,9512480,16736441,29708219,
237729,,,1494484,
237792,60994866,81278295,60779722,
237817,5831815,26278838,21639633,
237844,,,2776434,
237880,16141088,82695561,40811535,
237899,16966520,21534459,55393673,
237932,22225749,34302303,36897060,
238014,2863827,34108881,21918780,
238032,620526969,742172953,889969297,
238263,93830067,89102825,219861253,
238397,21706705,25966193,42853806,
238722,75228253,53491926,131263540,
238759,42064881,40656521,99429679,
239008,24130368,13584987,42492064,
239220,28209672,13198771,39391420,
239248,,,265513932,
239372,33704069,43876322,63793309,
239442,12793340,17271759,29471145,
239460,31733373,49211421,60493255,
239488,56527665,66813107,119609992,
239910,46028835,12774721,35336287,
240055,10218912,46230104,109278927,
240116,26567544,46993064,69306786,
240125,43104704,72350271,96461286,
240170,61998750,30959266,67589678,
240189,93087499,185695659,156009323,
240198,21204180,26253162,59457559,
240268,31564382,162909152,156356879,
240277,19622544,127553649,83105433,
240329,55843792,208592733,168529683,
240365,73825766,177648466,191977096,
240374,59781495,91805174,86324687,
240417,53174667,156170580,141861470,
240426,27921768,81448323,68510847,
240435,17523039,99301470,90901204,
240444,911233441,2755876968,2472729313,
240453,99040411,495796570,510321057,
240462,77047508,122835131,107499434,
240471,41819971,114882396,97932543,
240480,85077976,152914936,155970950,
240505,42897115,51329768,52914524,
240514,8487604,35202836,31425093,
240596,3319719,17335799,17434551,
240620,33099010,59954436,52737200,
240657,13260478,32665810,30600548,
240666,21742179,65090918,38907231,
240693,12248111,76127269,32820158,
240727,164132382,824567517,462242252,
240736,6488792,5249029,19642024,
240745,5312816,26578064,33853434,
240754,26665792,88925179,90718140,
240790,2966971,16583295,17183337,
241720,,,12381567,
241766,9913885,75995121,25008637,
241951,1437777,10396261,7189122,
242042,,,4479319,
242556,,,3921102,
242565,,,3352379,
242583,,,3082736,
243106,5569786,3684957,35259842,
243115,20547691,0,48643515,
243133,63184677,753300,54587213,
243142,29218211,394068,37657136,
243151,52347172,0,51233142,
243160,183113992,358962193,235787777,
243179,41235101,0,68772410,
243188,27181140,2507009,21088166,
243197,161982878,0,270754294,
243203,193044325,919561,245321654,
243212,17127916,872160,38548685,
243221,261532519,0,312819896,
243638,4922740,22579329,25175515,
243647,1449158,4397851,12784606,
243665,55933975,72901838,89285107,
243780,1042745369,2827283691,1745212373,
243799,,,666724,
244437,98730632,91382010,166826230,
244446,2638922,31861328,37910880,
245625,1529865,14385695,12285651,
245999,,,52197419,
246017,,,17357002,
246071,,,1084240,
246354,,,55507221,
246813,2615457,36234944,49263180,
247083,3240841,-1097124,2488618,
247603,3164669,38498594,32075024,
247737,250632,5666994,62615821,
247834,75068056,369214446,157828444,
247940,,,30837722,
248606,,,16730779,
248624,,,4903563,
248633,,,535375,
248776,859133,18406569,22244100,
248925,,,8878305,
250993,,,4258806,
251260,27815801,74432745,41127112,
260336,,,213269,
260363,,,709990,
260372,885885,8748428,7080253,
260381,28266256,45656480,112676783,
261375,,,55049874,
261773,,,1437741,
262031,47721982,47318283,50229767,
262129,41592067,60984441,32338485,
363165,,,34380919,
363563,52960050,95918840,97724979,
363633,1112585,17848218,17197890,
364016,,,49180954,
364025,,,57395245,
364548,,,10475365,
364575,,,3275882,
364618,,,1506827,
364627,,,11198289,
364636,,,1357106,
364946,,,9609863,
364964,,,1103348,
365198,,,8021574,
365213,,,12099227,
365240,,,1466633,
365374,,,24179478,
365383,,,1597796,
365480,,,14947514,
365763,,,502881,
366340,2393925,13716802,11801163,
366395,284993870,-85219039,212377251,
366401,236247137,42300963,65775447,
366447,1065111,11339512,15127921,
366465,909355,17084775,18487230,
366623,,,840379,
366632,,,811026,
366711,104506126,211200514,138884322,
367459,23842837,34408722,48765953,
367875,,,2037202,
367972,,,1721828,
368160,,,977892,
368364,,,3854784,
368407,,,1214736,
368647,,,465891,
368799,,,3299150,
368911,1595341,23525213,19381945,
369109,,,1052597,
369419,,,9822012,
369668,,,4114702,
371690,,,6153979,
372082,,,13072407,
373711,,,702486,
374112,,,909958,
374592,,,987975,
375373,,,2193568,
375407,,,1643428,
375568,,,365539,
375656,,,2567886,
375683,,,13720309,
375692,,,28371378,
375966,,,3431896,
376695,2855701,16958641,15043101,
377485,,,114269,
379621,,,625911,
380359,393626,9642692,10023478,
380368,7420000,21781000,12936000,
380377,1627543,13915649,17199921,
381529,,,7826214,
382258,,,7358674,
382416,,,737499,
383084,,,34438167,
383190,3185550,22795674,47112389,
383312,,,1954650,
383330,,,1699777,
383367,,,2853798,
383525,,,1547000,
383996,848692,5294459,6400548,
384333,,,45242751,
384342,112974094,49013810,42163870,
389860,,,3150853,
390905,,,3013759,
391333,,,1333609,
395362,22530789,22584287,19841747,
399212,,,58383001,
403469,,,11103021,
403478,,,11227081,
403487,,,12753536,
404426,18475568,22182275,23563480,
404480,17839593,56432791,75126241,
405872,9530463,-1772901,30952941,
406325,,,2401463,
406361,,,906084,
406422,,,1500447,
407452,,,1207688,
407489,,,892939,
407504,,,3531939,
407513,,,5447043,
407522,,,377086,
407577,,,2372970,
407595,,,3910561,
407832,,,3615675,
408394,9180163,12765470,19684155,
409120,,,2452437,
409315,83956726,229691712,185373929,
409379,5257997,13642636,34220843,
409537,,,644465,
409591,,,2324016,
409698,88368171,279982892,93444710,
412535,,,456300,
413176,,,275771,
413626,2034700,7743389,5845126,
413802,227877,941745,2048120,
414911,4717764,9390484,14381426,
416801,,,5782091,
417105,,,13316158,
417123,,,4845226,
417150,,,590371,
417178,,,1280430,
417187,,,593270,
417211,,,114786,
417248,,,1618052,
417257,,,574624,
417275,,,323181,
417442,,,1667150,
417628,,,1481656,
417637,,,1480900,
417646,,,261707,
417655,,,994084,
417673,,,445183,
417682,,,331918,
417716,,,1705988,
417831,,,2130575,
417868,,,333887,
417886,,,1010987,
417910,,,3951488,
417947,,,312422,
417983,,,644688,
417992,,,709042,
418001,,,1797922,
418010,,,504553,
418029,,,840700,
418038,,,1843025,
418056,,,1092158,
418065,,,3760854,
418083,,,930386,
418199,,,1527663,
418205,,,2678939,
418223,,,1032556,
418250,,,9381329,
418278,,,1127773,
418287,,,11128587,
418296,,,11038579,
418302,,,10853190,
418320,,,10745666,
418339,,,21083004,
418348,,,10325034,
418357,,,3563859,
418409,,,1094255,
418427,,,1898026,
418445,,,559509,
418454,,,7398953,
418481,,,514503,
418506,,,355210,
418515,,,1334937,
418524,,,887406,
418533,,,5346304,
418542,,,1530891,
418560,,,1073474,
418588,,,731094,
418603,,,695549,
418612,,,450182,
418676,,,1003953,
419031,,,504872,
419095,,,1036853,
419226,,,7645084,
419332,,,111505,
419420,,,524167,
419484,,,469309,
420398,,,61081143,
420431,616352,7172705,9480687,
420440,4453185,8229656,8962511,
420468,,,2753697,
420538,12000250,25064730,18366340,
420556,23505604,21414898,15686243,
420723,11451732,9409779,7944539,
420802,0,999299,30616171,
421540,,,2132773,
421559,,,1007493,
421717,,,283039,
423652,23700081,13214152,6827940,
427991,,,2502471,
428019,,,3169010,
428392,9007537,16991925,16477915,
428426,498904020,192862681,29030867,
430500,,,26430,
430795,,,3048807,
430883,,,398794,
430908,,,1921347,
430971,,,1499733,
431017,,,5886275,
431105,,,902096,
431169,,,3315993,
431187,,,994103,
431196,,,1771270,
431202,,,213639,
431266,,,460926,
431275,,,634231,
431558,,,4907127,
431691,,,465500,
431707,,,421684,
431716,,,1963498,
431770,,,788836,
431877,,,131077,
432144,24026337,406160177,12938296,
433040,,,327525,
433068,,,4327810,
433138,,,1849937,
433174,69213,3750533,7786932,
433660,157846709,342901582,157969155,
434061,6969180,5358429,14230566,
434584,1147466,3170484,13563593,
434672,28469022,129613250,206568215,
435000,152280958,358343046,617525720,
436304,2100468,-1020458,9738836,
437103,13066334,27868100,36795612,
438665,411049853,170309383,34367530,
438708,2085359,8998863,4592295,
439145,10287486,65633373,49637301,
439154,3029817,11239345,16890293,
439190,3612228,118777028,34054461,
439622,,,2401116,
440217,,,323604,
440244,13078094,22410729,28277161,
440402,7192349,21416835,17906857,
440624,4908756,2442499,15230541,
440730,,,5481918,
441070,508879,456904,616722,
441210,,,827311,
441317,,,847191,
441335,,,475817,
441353,,,322603,
441414,,,432577,
441593,,,596416,
441672,,,72870,
441760,8052029,22613418,30654744,
441894,,,1132901,
441900,2835000,38174000,24379000,
441937,294254582,206365622,95665202,
442833,,,50999091,
443368,10868494,38038713,3761514,
443492,10032248,20730143,26072242,
443711,77341569,26981297,38696627,
444219,,,40358349,
444459,,,105900,
444954,5176170,15901522,26244415,
445018,2964632,641896,12222667,
445188,,,152201525,
445674,3299439,3410259,9356970,
446206,,,212048,
446349,,,218211,
446419,,,650194,
446774,3259751,9339838,12615838,
446978,10885581,400075,5492551,
447582,4416762,11499332,18713823,
447689,44725614,37753782,45930914,
448248,,,10102734,
448336,143989,64463,2442546,
448594,,,32892482,
448637,119237918,76589350,10877119,
448840,4887724,83610320,52409645,
449357,,,1781753,
449816,,,3800128,
451325,,,484888,
451459,,,1632511,
451583,,,3519387,
451671,2130983,44708900,24485701,
451680,2239162,75138383,30930050,
452106,,,1009520,
455114,5229213,43591020,58192121,
455512,39106346,16383009,14080169,
457378,,,1521005,
457387,,,3810549,
457615,,,277799,
457624,,,351000,
457873,,,1388454,
457907,,,423370,
457943,,,838369,
457989,,,309270,
459329,,,596432,
459408,,,344378,
460604,,,896990,
